<?xml version="1.0" encoding="UTF-8" standalone="yes"?>
<addon id="script.service.tvservice" name="TVService" version="1.0.0" provider-name="rleschuk">
    <requires>
        <import addon="xbmc.python" version="2.7"/>
        <import addon="script.module.six" version="1.11.0"/>
        <import addon="script.module.requests" version="2.12.4"/>
        <import addon="script.module.beautifulsoup" version="3.2.1"/>
        <import addon="script.module.flask" version="1.12.2"/>
    </requires>
    <extension point="xbmc.service" library="resources/lib/startup.py" start="startup"/>
    <extension point="xbmc.python.module" library="resources/lib/"/>
    <extension point="xbmc.addon.metadata">
        <platform>all</platform>
        <summary>summary</summary>
        <description>description</description>
        <disclaimer>disclaimer</disclaimer>
        <forum>forum</forum>
        <website>website</website>
        <source>source</source>
    </extension>
</addon>
