<?xml version="1.0" encoding="UTF-8" standalone="yes"?>
<addon id="script.module.flask-cors" name="flask-cors" version="3.0.3" provider-name="rleschuk">
  <requires>
    <import addon="xbmc.python" version="2.7"/>
  </requires>
  <extension point="xbmc.python.module" library="lib" />
  <extension point="xbmc.addon.metadata">
    <summary>Flask-CORS</summary>
    <description></description>
    <platform>all</platform>
    <language></language>
    <license>Apache2</license>
    <forum></forum>
    <website></website>
    <source></source>
    <email></email>
  </extension>
</addon>
