<?xml version="1.0" encoding="UTF-8" standalone="yes"?>
<addon id="script.service.tvservice" name="TVService" version="1.0.12" provider-name="rleschuk">
    <requires>
        <import addon="xbmc.python" version="2.7"/>
        <import addon="script.module.six" version="1.11.0"/>
        <import addon="script.module.requests" version="2.12.4"/>
        <import addon="script.module.beautifulsoup" version="3.2.1"/>
        <import addon="script.module.flask" version="0.12.2"/>
        <import addon="script.module.flask-cors" version="3.0.3"/>
        <import addon="script.module.elementtree" version="1.2.8"/>
    </requires>
    <extension point="xbmc.service" library="resources/lib/startup.py" start="startup"/>
    <extension point="xbmc.python.module" library="resources/lib/"/>
    <extension point="xbmc.addon.metadata">
        <platform>all</platform>
        <summary></summary>
        <description>Данный сервис предоставляет возможность удобно просматривать более 1000 телеканалов на Вашем Kodi.</description>
        <disclaimer></disclaimer>
        <forum></forum>
        <website>http://80.211.129.59</website>
        <source></source>
    </extension>
</addon>
