<?xml version="1.0" encoding="UTF-8" standalone="yes"?>
<addon id="repository.rleschuk" name="rleschuk Kodi Add-ons" version="1.1.0" provider-name="rleschuk">
	<extension point="xbmc.addon.repository" name="rleschuk Kodi Add-ons">
		<info compressed="false">https://github.com/rleschuk/kodirepo/raw/master/addons.xml</info>
		<checksum>https://github.com/rleschuk/kodirepo/raw/master/addons.xml.md5</checksum>
		<datadir zip="true">https://github.com/rleschuk/kodirepo/raw/master/</datadir>
	</extension>
	<extension point="xbmc.addon.metadata">
		<summary>Install Add-ons from rleschuk Add-on Repository</summary>
		<description>Plug-ins for Kodi</description>
		<disclaimer>There are git my add-ons for Kodi</disclaimer>
		<platform>all</platform>
	</extension>
</addon>
